commit_id,author_date,bugcount,fixcount,la,ld,nf,nd,ns,ent,revd,nrev,rtime,tcmt,hcmt,self,ndev,age,nuc,app,aexp,rexp,oexp,arexp,rrexp,orexp,asexp,rsexp,osexp,asawr,rsawr,osawr
5fc157e0f5245eb79be90cbc8ed545c396fd38af,1395756508,,,33,2,2,2,1,0.898058793450166,True,15.0,4610271.0,142.0,55.0,False,162.0,322420.0,504.0,2.0,346.0,1321.0,1645.0,192.0,1258.0,1432.0,288.0,1293.0,1560.0,0.0376253092045306,0.1684676474417393,0.2032287462569978
15e61fa1126fa8caf548627c9e97cded4c8ad22e,1374831053,,,2,0,1,1,1,0.0,True,1.0,432626.0,7.0,3.0,False,2.0,2431102.0,3.0,3.0,143.0,1308.0,1329.0,143.0,1259.0,1280.0,55.0,537.0,544.0,0.0103588605253422,0.0995190529041805,0.1008139104698483
74987666f89b4d15ffcf17b43b3752135ba08a65,1300232897,,,3,3,2,2,1,0.9182958340544896,False,,,,,True,,,,,,,,,,,,,,,,
1e28685abe25cc3c1ce4d81794ec8c373111fc13,1294083590,,,9,8,1,1,1,0.0,False,,,,,True,,,,,,,,,,,,,,,,
4b0b0361ed8d231844344d014412f7b647baae0b,1307394328,,,1,1,1,1,1,0.0,False,,,,,True,,,,,,,,,,,,,,,,
5072a9563e206bc580028ee6d3762542f7a88e25,1308703205,,,170,163,6,5,2,0.5857444102343891,False,,,,,True,,,,,,,,,,,,,,,,
15271a08de44da1813bfb2a2b68a2f28ef887c21,1313163822,,,1,1,1,1,1,0.0,False,,,,,True,,,,,,,,,,,,,,,,
ded9447aca01d593b0efa91b5ec23ecf8aa97264,1312314216,,,0,3,2,1,1,0.9182958340544896,False,,,,,True,,,,,,,,,,,,,,,,
620ff9b6738797f20b992a027301c32cf0dee17c,1404328805,,,11,5,1,1,1,0.0,False,,,,,True,,,,,,,,,,,,,,,,
e4377fdb0ef2087a36d2b1fbee96543f735040de,1355292833,,,49,87,2,2,1,0.9158253295377164,True,2.0,78586.0,11.0,3.0,False,3.0,179801.0,8.0,2.0,557.0,1576.0,1842.0,557.0,1542.0,1808.0,532.0,1449.0,1693.0,0.1660436137071651,0.4517133956386293,0.5277258566978194
62e2ad123685ab01accfb9988013225fe377dfbe,1314846427,,,0,0,2,2,1,0.0,False,,,,,True,,,,,,,,,,,,,,,,
c191d0d10c6cb5730a4fb6540198ca3be6595b02,1346053712,2.0,,247,14,9,7,1,0.6400311385612234,True,2.0,877342.0,16.0,5.0,False,15.0,618100.2222222222,28.0,2.0,11.0,137.0,144.0,11.0,137.0,144.0,4.0,79.0,81.0,0.05,0.8,0.82
3dce38f32559659978dd2ae69e9ffcb39c608582,1338712566,0.0,,438,368,59,25,1,0.8858725890618687,True,6.0,381984.0,19.0,2.0,False,79.0,193786.86440677967,427.0,2.0,33.0,922.0,946.0,32.0,922.0,945.0,27.0,875.0,894.0,0.0172626387176325,0.5400739827373613,0.5517879161528977
8279240ee30d55d127e4d964a9861b721ac7cc74,1327099181,,,36,2,5,4,1,0.7692849039881916,True,3.0,93525.0,9.0,4.0,False,35.0,123899.2,83.0,2.0,11.0,451.0,454.0,11.0,450.0,453.0,11.0,355.0,358.0,0.0203389830508474,0.6033898305084746,0.6084745762711864
524eb966045192dd535648929d70cac091d8e24e,1300312822,,,2,2,1,1,1,0.0,False,,,,,True,,,,,,,,,,,,,,,,
c5aafe4992efea8c95cc09e05fdb89288eafb6bb,1307721574,,,55,5,3,3,2,0.6215741674447584,False,,,,,True,,,,,,,,,,,,,,,,
04f62ad8d874d7e9541bd26b379d5232992f12dd,1377222124,2.0,,59,0,3,2,1,0.5880555517588982,True,1.0,366509.0,9.0,5.0,False,3.0,143685.0,3.0,4.0,184.0,954.0,1060.0,156.0,923.0,1003.0,26.0,202.0,205.0,0.117391304347826,0.8826086956521739,0.8956521739130435
cd3f4f7d24c92475ca698906c57f60375861b83f,1406629113,,1.0,3,2,1,1,1,0.0,False,,,,,True,,,,,,,,,,,,,,,,
b29443b7f53bef00f7b96da9d7967f05ac6a1c30,1407963954,,,23,11,1,1,1,0.0,False,,,,,True,,,,,,,,,,,,,,,,
3f462fbf9a2b9cfe6ac39d87fe5b327ba82e9dac,1332225459,,,51,28,1,1,1,0.0,True,1.0,725278.0,7.0,5.0,False,12.0,137676.0,23.0,4.0,532.0,936.0,936.0,531.0,935.0,935.0,109.0,214.0,214.0,0.5069124423963134,0.9907834101382488,0.9907834101382488
6bbe906db0385bcd11e0532b8b180272feb76042,1371510069,,,2,2,2,2,1,1.0,True,3.0,242818.0,14.0,4.0,False,3.0,3352.0,11.0,2.0,528.0,1669.0,2056.0,528.0,1333.0,1720.0,509.0,1457.0,1828.0,0.1039755351681957,0.2972477064220183,0.3728848114169215
7422146ec666f5d3ad3452361489270516ee6084,1306445809,,,3,3,1,1,1,0.0,False,,,,,True,,,,,,,,,,,,,,,,
4243e8e2b41f1438023b1184b1281474b27b5467,1299110967,,,2,9,1,1,1,0.0,False,,,,,True,,,,,,,,,,,,,,,,
488fcb4ad345bfb4fd614a140b317b606e008872,1368022701,,,33,16,3,3,1,0.9973682615141014,True,7.0,620308.0,33.0,13.0,False,12.0,2422329.0,17.0,4.0,13.0,2083.0,2090.0,13.0,1777.0,1784.0,12.0,1622.0,1628.0,0.0029037301764574,0.3625195443377261,0.3638597274960911
97552f05d5d26e596ddf0cda8169f3a5d131a55a,1313692082,,,18,16,1,1,1,0.0,False,,,,,True,,,,,,,,,,,,,,,,
d91a06b4fea7e45fd2e9abe35803cd9deb5d8e92,1294769859,,,10,2,1,1,1,0.0,False,,,,,True,,,,,,,,,,,,,,,,
f4ce37b9c23cb09b5e4e07c0af5bae7a65f6cc04,1334990248,,,2,36,2,2,2,0.2974722489192896,True,4.0,895118.0,13.0,8.0,False,27.0,1408659.5,57.0,1.0,0.0,577.0,577.0,0.0,576.0,576.0,0.0,145.0,145.0,0.0033112582781456,0.4834437086092715,0.4834437086092715
fe22186eb989b0302e1cb26a5b92cd77ce47bb9b,1295021630,,,73,26,6,3,2,0.8110290143701732,False,,,,,True,,,,,,,,,,,,,,,,
2ce78382004a567defe98d8ccd196277a7cb66ed,1327768746,,,4,0,2,2,1,1.0,True,1.0,91697.0,4.0,1.0,False,16.0,179386.0,50.0,1.0,10.0,150.0,150.0,10.0,150.0,150.0,10.0,123.0,123.0,0.0738255033557047,0.8322147651006712,0.8322147651006712
7beec04415b96626534ee17cff7a130b1881b6ea,1360105725,,,4,0,1,1,1,0.0,True,1.0,-13008411.0,6.0,2.0,False,2.0,32829.0,5.0,2.0,121.0,493.0,606.0,121.0,472.0,585.0,4.0,13.0,16.0,0.0304878048780487,0.0853658536585365,0.1036585365853658
6383f7f9f63e348a12adeff66a266ef796d98ded,1292608499,,,7,7,4,3,1,0.9751060324573736,False,,,,,True,,,,,,,,,,,,,,,,
c49c725e43cfbc9d90b5e9ebbf93a32e71c7e6a9,1282583263,,,1,1,1,1,1,0.0,False,,,,,True,,,,,,,,,,,,,,,,
0109231fcdb3c9e850afef82ba27090a4a0178af,1362403264,1.0,,101,9,9,5,1,0.7201717461059521,True,6.0,-10201285.0,39.0,18.0,False,31.0,208716.88888888888,112.0,2.0,207.0,622.0,661.0,207.0,622.0,661.0,193.0,561.0,592.0,0.2449494949494949,0.7095959595959596,0.7487373737373737
175dfc11007b5824d4fbdc2bf9eca696eff1f59d,1362698275,,,2,0,1,1,1,0.0,True,1.0,86015.0,8.0,5.0,False,104.0,8076.0,544.0,4.0,169.0,2359.0,2418.0,169.0,2142.0,2201.0,145.0,2071.0,2111.0,0.0356010729090465,0.5052426237503048,0.514996342355523
9dd1e2ae8456e3624d332ce7c46c025fd0bada6c,1295479317,,,38,35,16,12,2,0.9106324992558168,False,,,,,True,,,,,,,,,,,,,,,,
76b5871adbb1bfc2e3d2a1151a00fa654c45953d,1299807337,,,2,2,1,1,1,0.0,False,,,,,True,,,,,,,,,,,,,,,,
497d222ecd790c79e22a6aada38862b7e58f55c4,1384770475,,,3,4,1,1,1,0.0,True,2.0,1543360.0,14.0,5.0,False,33.0,1775601.0,79.0,3.0,81.0,2005.0,2074.0,81.0,1504.0,1573.0,57.0,1750.0,1795.0,0.0087692772905957,0.2647414575143634,0.2715452071363773
f373a0f6f83181c9b51d7d7faa2e055d9ad92868,1317305214,,,2,1,1,1,1,0.0,True,1.0,1123181.0,7.0,3.0,False,3.0,0.0,6.0,3.0,19.0,77.0,83.0,16.0,73.0,79.0,3.0,4.0,4.0,0.5,0.625,0.625
f9fa7a68a368cefd79ccc6d5d2b91cbdb4d17be7,1346287858,,,190,81,11,6,1,0.7242018442793872,True,4.0,141792.0,15.0,2.0,False,32.0,805894.5454545454,92.0,2.0,1040.0,805.0,1558.0,1040.0,803.0,1556.0,981.0,615.0,1338.0,0.4138221660345554,0.2595870206489675,0.5642646439106616
ca810742e0062f6964fed55a9e964431cfd14059,1407950209,,,17,11,1,1,1,0.0,False,,,,,True,,,,,,,,,,,,,,,,
0af41b8c50631252f0dfe0b11268beb3d5e49508,1309982284,,,0,1,1,1,1,0.0,False,,,,,True,,,,,,,,,,,,,,,,
c97f2547760523b5f32a08aa24ed20c742bc6ba3,1305289925,,,48,0,1,1,1,0.0,False,,,,,True,,,,,,,,,,,,,,,,
b7ea2f70581f6acd927ea7b65adaffeeb4b8d2ba,1278529594,,,85,7,6,4,2,0.7950198473638259,False,,,,,True,,,,,,,,,,,,,,,,
953c9e8a1ce52b181d4489bc50c3e0f7c9b17603,1377724129,,,185,33,2,2,1,0.9802381436845116,True,3.0,135711.0,18.0,4.0,False,10.0,7924182.0,17.0,2.0,60.0,464.0,488.0,60.0,448.0,472.0,56.0,429.0,450.0,0.0622270742358078,0.4694323144104803,0.4923580786026201
41e2e91ccfb1409f1ea47d92a9d15f47ab37e65d,1282596205,,,0,0,1,1,1,0.0,False,,,,,True,,,,,,,,,,,,,,,,
0fc3afdff1a2b87589206ffb22b041d58fe0f99b,1394497263,,,5,0,1,1,1,0.0,True,1.0,109577.0,6.0,2.0,False,8.0,285929.0,18.0,2.0,4.0,580.0,581.0,4.0,506.0,507.0,4.0,545.0,546.0,0.0032916392363396,0.3594470046082949,0.3601053324555628
e97fa4bd4f7584c2d0b8d976c770dbe5705ce962,1346107369,,,43,2,2,2,1,0.9967916319816366,True,3.0,175913.0,16.0,4.0,False,7.0,1045345.0,18.0,3.0,854.0,320.0,1007.0,844.0,319.0,997.0,351.0,104.0,357.0,0.7333333333333333,0.21875,0.7458333333333333
b15535a20b7f717aa23f5bc6d695e574bb86c407,1312586768,,,2,1,2,1,1,0.9182958340544896,False,,,,,True,,,,,,,,,,,,,,,,
ef8017ff798c2a1bc548af6f0356b1aab3cfb0e2,1376466240,1.0,,226,5,3,3,1,0.7054874343891098,True,7.0,2001345.0,48.0,13.0,False,68.0,189694.3333333333,252.0,3.0,58.0,1658.0,1691.0,57.0,1476.0,1509.0,41.0,1564.0,1585.0,0.0074375774747653,0.277138303523995,0.2808570922613777
ffdfd3368db157f2c178dd319a28b00c505b2da1,1404809564,2.0,,144,15,12,9,1,0.5519818999064662,False,,,,,True,,,,,,,,,,,,,,,,
85f9d927f5becfca94e90941a3f01f96c6dbf439,1322760188,,,6,2,1,1,1,0.0,True,3.0,359847.0,7.0,3.0,False,2.0,2232771.0,2.0,2.0,1.0,146.0,147.0,1.0,146.0,147.0,1.0,103.0,104.0,0.0066666666666666,0.3466666666666667,0.35
3a829e3543b8a346fce95f71cd51f68e7c4aae41,1338330489,,,18,5,3,2,1,0.8895131213678056,True,3.0,149235.0,13.0,4.0,False,52.0,920.0,181.0,2.0,130.0,745.0,832.0,130.0,745.0,832.0,105.0,713.0,778.0,0.0673443456162642,0.4536213468869123,0.4949174078780178
e672a5c28844bfbd9be9658cddf5b45251c6bc1d,1396362071,,,3,4,1,1,1,0.0,True,3.0,1776167.0,44.0,16.0,False,36.0,2775219.0,85.0,4.0,121.0,3099.0,3108.0,121.0,2470.0,2479.0,118.0,2993.0,3000.0,0.0154065251165199,0.3876229932677369,0.3885292594510616
78c2175898a468ae734e27dfbc8f5b70f90fd477,1282596916,,,363,239,7,6,1,0.7703425628378585,False,,,,,True,,,,,,,,,,,,,,,,
d9deffcba4ff6ab3b5a6459c9d626dc4f5334336,1287531560,,,5,1,1,1,1,0.0,False,,,,,True,,,,,,,,,,,,,,,,
6835f46738d286591990819356b02670d7524257,1318533337,,,2,1,2,2,1,0.9182958340544896,True,1.0,80708.0,8.0,4.0,False,7.0,82033.0,7.0,4.0,14.0,59.0,67.0,14.0,59.0,67.0,9.0,23.0,28.0,0.1219512195121951,0.2926829268292683,0.3536585365853658
23efe8d14973a7c94de167562340938ba00d043b,1300413256,,,89,17,3,3,1,0.5544221083853402,False,,,,,True,,,,,,,,,,,,,,,,
5a21711be4444690e9f5ab442be08d15e725ca8e,1406206804,,,1,3,1,1,1,0.0,False,,,,,True,,,,,,,,,,,,,,,,
15a02b247436ba71c4f64a8ac8d79b32cc8883f1,1306174015,,,8,1,1,1,1,0.0,False,,,,,True,,,,,,,,,,,,,,,,
9dc59398a2278034be1c391f460406365a808bb7,1316606837,,,0,0,1,1,1,0.0,False,,,,,True,,,,,,,,,,,,,,,,
34749387076f6b3462a4a249797fa88e847bbd37,1404464817,,,2,1,1,1,1,0.0,False,,,,,True,,,,,,,,,,,,,,,,
a860a07068d4d643c42973625c454c6b09e883cb,1281777192,,,653,0,2,1,1,0.7231515193551816,False,,,,,True,,,,,,,,,,,,,,,,
58fe2f256fccc14f5078e9fde9b9f7b2219a06e5,1396979046,,,2,0,2,2,2,0.0,True,1.0,20335.0,7.0,3.0,False,38.0,86476.0,142.0,3.0,24.0,383.0,395.0,24.0,358.0,370.0,24.0,376.0,388.0,0.0258264462809917,0.3894628099173554,0.4018595041322314
47dcac493d1ce1f76cdc312aa16e0680118608a1,1385401667,,,19,9,2,2,1,0.9059282160429992,True,3.0,251418.0,25.0,11.0,False,189.0,154595.0,1030.0,3.0,244.0,1736.0,1736.0,236.0,1554.0,1554.0,241.0,884.0,884.0,0.0362004487658937,0.1323859386686612,0.1323859386686612
785d60c9492a8d4583eb27b214abefda6c1fbcfc,1288724562,,,28,32,7,3,1,0.7287336971448902,False,,,,,True,,,,,,,,,,,,,,,,
6515e01f13920dba94d25eef5e4c33900c1736b4,1371178524,2.0,,643,0,2,2,1,0.9821283208907984,True,2.0,1267913.0,13.0,4.0,False,1.0,6690.5,1.0,3.0,136.0,1654.0,1716.0,136.0,1571.0,1633.0,133.0,1544.0,1605.0,0.0276004119464469,0.3182286302780638,0.3307929969104016
2fcbe7e3ab4925ed627bc0e32676e2b6ff98ff3e,1324583436,,,0,11,1,1,1,0.0,True,1.0,4989.0,3.0,2.0,False,4.0,115418.0,3.0,2.0,54.0,138.0,189.0,54.0,138.0,189.0,34.0,119.0,151.0,0.0835322195704057,0.2863961813842482,0.3627684964200477
85cbff043fd233477bb36363c79e2447ba1e35c1,1373307009,,,3,2,1,1,1,0.0,True,2.0,49263.0,11.0,4.0,False,5.0,14865.0,6.0,2.0,165.0,283.0,398.0,162.0,229.0,342.0,151.0,165.0,266.0,0.1779859484777517,0.1943793911007025,0.3126463700234192
ce79e4ce66eac284ce29941744fb09e316b899db,1354274130,,,10,21,1,1,1,0.0,True,2.0,15889.0,9.0,4.0,False,17.0,1182775.0,24.0,3.0,2.0,1132.0,1132.0,2.0,1078.0,1078.0,2.0,941.0,941.0,0.0009643201542912,0.3027965284474445,0.3027965284474445
f932874ed1f2501406fd7509988448ffc7091a55,1314820561,,,0,42,2,1,1,0.9182958340544896,False,,,,,True,,,,,,,,,,,,,,,,
f5e19272844f2f0d2c72bf55a2bdf533f40d1ea5,1279826927,,,11,6,2,2,1,0.9366673818775626,False,,,,,True,,,,,,,,,,,,,,,,
47c312bb659d0ad49a678c8213093827e6067f31,1298680908,,,1,1,1,1,1,0.0,False,,,,,True,,,,,,,,,,,,,,,,
a3c944bb1860faeb4eb0e90534ace07c1e869ea1,1386042453,,1.0,25,48,2,2,1,0.977001239421856,True,2.0,193369.0,15.0,4.0,False,12.0,566676.0,12.0,3.0,320.0,950.0,1162.0,251.0,875.0,1031.0,45.0,465.0,480.0,0.0767946577629382,0.7779632721202003,0.8030050083472454
b2e64e379835f57128e66f507438130eda716814,1382003334,,,47,12,2,2,1,0.9981341775041116,True,3.0,2820437.0,15.0,10.0,False,128.0,52478.0,364.0,6.0,46.0,2464.0,2493.0,30.0,2187.0,2205.0,31.0,2337.0,2361.0,0.005029074336005,0.3674367436743674,0.3712085494263712
4b768a4a847a0f5c857f4fe3f3bca720da9b3949,1354928610,,,59,5,2,2,1,0.5858732928619205,True,3.0,594395.0,15.0,5.0,False,22.0,172188.0,58.0,3.0,297.0,1735.0,1806.0,277.0,1578.0,1646.0,178.0,508.0,518.0,0.2910569105691057,0.8276422764227642,0.8439024390243902
7b00b98bf9cd081769e690a1e9cbf01c555c475c,1345815486,,,6,36,11,7,2,0.1710317889779226,True,3.0,-27254829.0,9.0,2.0,False,17.0,1562065.705882353,61.0,2.0,113.0,210.0,263.0,113.0,207.0,260.0,102.0,165.0,215.0,0.405511811023622,0.6535433070866141,0.8503937007874016
9ce2e4f80f249d58622b7235aec55e823f9cd6c8,1316025452,,,1,1,1,1,1,0.0,False,,,,,True,,,,,,,,,,,,,,,,
8ee1a30abc76232db087dee29e9abccd3a14f5de,1405729677,,,2,2,1,1,1,0.0,False,,,,,True,,,,,,,,,,,,,,,,
a246c5576d726c7bc385b49bc7b626eb6edcd137,1355556740,,,90,18,5,2,1,0.7869398334372077,True,7.0,375207.0,33.0,9.0,False,3.0,584444.2,10.0,3.0,566.0,451.0,906.0,566.0,449.0,904.0,541.0,405.0,837.0,0.1668205601723607,0.1249615266235764,0.257925515543244
b959bc1f109f96429d861256aa8adaa61830cd2c,1372300140,,,23,22,3,3,1,0.5974853673769922,True,3.0,1396304.0,33.0,12.0,False,27.0,15784.333333333334,68.0,2.0,175.0,1407.0,1499.0,175.0,1317.0,1409.0,172.0,1238.0,1328.0,0.034277788785417,0.2454923717059639,0.263324747374678
5a8ae0f1d0c115b488992f98ceb077e1c23ea330,1410272183,,,177,125,12,6,1,0.8624889210202024,False,,,,,True,,,,,,,,,,,,,,,,
cb06335d2d3359e5583cdde10ed73edfeadf6b97,1404383951,,,20,2,1,1,1,0.0,False,,,,,True,,,,,,,,,,,,,,,,
2538660d79dc78b17a29f696e0248e8be8cc2c67,1371513709,0.0,,41,12,2,2,1,0.7717094696953632,True,3.0,1534983.0,21.0,8.0,False,10.0,1067459.5,21.0,2.0,461.0,244.0,626.0,397.0,192.0,519.0,329.0,119.0,387.0,0.3990326481257557,0.1451027811366384,0.4691656590084643
99f6c32bf8a5204da0e07137486c61cdba5318a3,1343677158,,,30,22,4,2,1,0.8345901684333654,True,4.0,31678.0,18.0,4.0,False,63.0,894.0,296.0,2.0,279.0,945.0,1082.0,279.0,945.0,1082.0,247.0,899.0,1015.0,0.1200387221684414,0.4356243949661181,0.4917715392061955
ec35e6d5735babfe16c1f3e46dd6275b53147426,1296102237,,,0,0,1,1,1,0.0,False,,,,,True,,,,,,,,,,,,,,,,
eaa68b4820299cef90447a2af09383ac4399bf5f,1381492684,,,0,2,1,1,1,0.0,True,1.0,130182.0,7.0,3.0,False,127.0,39806.0,520.0,3.0,56.0,2086.0,2126.0,56.0,1794.0,1834.0,56.0,1857.0,1897.0,0.0090720993156135,0.2957186057615789,0.3020849912462199
5582f166c25f2bc7562c38e13b8e72f7b017c79d,1349153014,,,63,5,2,2,2,0.7039260680195971,True,2.0,63469.0,11.0,3.0,False,9.0,2360475.0,12.0,2.0,35.0,152.0,164.0,35.0,151.0,163.0,34.0,149.0,161.0,0.1541850220264317,0.6607929515418502,0.7136563876651982
6aff48c6f1effc445633764e9d78b6f7c17f8b7e,1404732764,,,5,4,3,3,2,0.482159360969681,False,,,,,True,,,,,,,,,,,,,,,,
b97736211693eba0966e09b86421b76e0a71f846,1372435533,,,0,3,1,1,1,0.0,True,1.0,16111.0,6.0,2.0,False,25.0,1294786.0,64.0,2.0,0.0,342.0,342.0,0.0,287.0,287.0,0.0,215.0,215.0,0.0011904761904761,0.2571428571428571,0.2571428571428571
9075069098e32b47bd5011e2653a23b61c18d4a3,1363892898,,,2,2,1,1,1,0.0,True,2.0,339775.0,15.0,9.0,False,107.0,230048.0,560.0,5.0,936.0,1265.0,1938.0,908.0,1176.0,1824.0,863.0,1105.0,1718.0,0.2048849893289068,0.262271757173346,0.4076357600189708
69bb265f3fa550155903d107389a3bb009b3c943,1378693392,,,0,9,1,1,1,0.0,True,5.0,1279330.0,25.0,12.0,False,100.0,249778.0,255.0,8.0,6.0,2521.0,2521.0,6.0,2237.0,2237.0,4.0,1621.0,1621.0,0.0008382229673093,0.2719195305951383,0.2719195305951383
96e83c073a220c939e56fcdf71ba035a2db62900,1370665479,,,157,3,4,2,1,0.9148566815375648,True,6.0,2648043.0,41.0,13.0,False,140.0,50697.5,706.0,4.0,18.0,1999.0,2006.0,18.0,1878.0,1885.0,18.0,1880.0,1887.0,0.0039682539682539,0.3928571428571428,0.3943191311612364
7e844389c5adbb3d23505b3b52ced9a175b22d1a,1372789277,0.0,,35,1,2,2,1,0.3095434291503252,True,3.0,1794634.0,15.0,4.0,False,16.0,7852313.0,41.0,2.0,15.0,502.0,507.0,13.0,430.0,433.0,15.0,364.0,369.0,0.0189125295508274,0.4314420803782506,0.4373522458628842
323eb60884cf8736448d997068d32f252d22e7f3,1301511925,,,29,13,1,1,1,0.0,False,,,,,True,,,,,,,,,,,,,,,,
77c34f0223a21d122062b2057e9ed1584dbbf8bf,1311407824,,,2,1,1,1,1,0.0,False,,,,,True,,,,,,,,,,,,,,,,
ce710a54a587178f65abc62e2a29ce58ba6da01e,1306960990,,,23,21,3,3,1,0.7393221208569577,False,,,,,True,,,,,,,,,,,,,,,,
2aff4bf63ca57e0ec1290983f3109e484b95935f,1353593785,,,2,2,1,1,1,0.0,True,1.0,385985.0,8.0,5.0,False,7.0,401164.0,15.0,5.0,11.0,2042.0,2043.0,11.0,2008.0,2009.0,11.0,1867.0,1868.0,0.0039202874877491,0.6102580855929435,0.6105847762169225
473768cd7673cb8332b30ac4d3051461cd4ab447,1324493291,,,19,40,16,5,1,0.8284250360044566,True,1.0,3064.0,8.0,4.0,False,45.0,487479.3125,142.0,2.0,267.0,109.0,332.0,266.0,109.0,331.0,185.0,94.0,240.0,0.4558823529411764,0.2328431372549019,0.5906862745098039
673057320929d33095c998d477c2537567ccf74b,1386951536,,,3,0,2,2,1,0.9182958340544896,True,3.0,9612758.0,29.0,15.0,False,25.0,692003.0,73.0,6.0,192.0,1245.0,1278.0,187.0,1088.0,1120.0,172.0,1066.0,1089.0,0.1378486055776892,0.850199203187251,0.8685258964143426
e0147e60d800fd67bc05bc4299c315f1761bd60b,1385157549,,,79,9,2,2,2,0.4761588445580706,True,4.0,440242.0,24.0,9.0,False,16.0,2855102.0,26.0,2.0,215.0,492.0,546.0,213.0,428.0,481.0,215.0,484.0,538.0,0.2720403022670025,0.610831234256927,0.6788413098236776
1ccc0e2f132d80cdfc480a601d9c2b3c5184bff7,1319835698,0.0,,334,67,8,5,1,0.7108542354256854,True,2.0,251137.0,11.0,4.0,False,8.0,203716.375,18.0,2.0,66.0,136.0,157.0,66.0,135.0,156.0,57.0,51.0,66.0,0.8656716417910447,0.7761194029850746,1.0
a320b5df9f916adf8422ed312306c77570d392c2,1299648605,,,42,34,8,7,1,0.8785888773184766,False,,,,,True,,,,,,,,,,,,,,,,
7b9888df2d2ab4cb1c706ffb16c3c650cb8ad61a,1300860853,,,8,0,1,1,1,0.0,False,,,,,True,,,,,,,,,,,,,,,,
0be9e06c09c1d08802a8963e34090b5fcedb19be,1306424158,,,6,6,1,1,1,0.0,False,,,,,True,,,,,,,,,,,,,,,,
8e74cf060abd812071a8d6841d9029a69f6a40ad,1344921608,,,5,3,3,2,1,0.6021808102656679,True,1.0,-28166542.0,5.0,2.0,False,4.0,60391.0,7.0,2.0,0.0,127.0,127.0,0.0,127.0,127.0,0.0,116.0,116.0,0.0046728971962616,0.5467289719626168,0.5467289719626168
e02846cff4748f7df4d73fb0833fa3dbad1ccf9b,1400212960,,,17,0,2,2,1,0.3227569588973982,True,5.0,453852.0,71.0,14.0,False,11.0,4954514.5,19.0,2.0,19.0,289.0,305.0,19.0,274.0,290.0,8.0,228.0,233.0,0.0072992700729927,0.1857258718572587,0.1897810218978102
7bbf2f7f9f7c7c49287519207e56932e28061514,1281736004,,,41,0,1,1,1,0.0,False,,,,,True,,,,,,,,,,,,,,,,
d6bf0d06c3bedcdeb211b563cf0923764b411966,1413161739,,,22,0,5,3,1,0.9762393112841812,False,,,,,True,,,,,,,,,,,,,,,,
a36b38d78ef887e23451c1dd22fdde8615c40b08,1294082376,,,8,10,3,3,1,0.9656336071428252,False,,,,,True,,,,,,,,,,,,,,,,
b5db5a346f9916ecdd630284f7596ea762bf1a5e,1336597773,,,35,24,5,3,1,0.7642621380627075,True,1.0,64157.0,4.0,2.0,False,59.0,6527.0,306.0,2.0,316.0,258.0,539.0,316.0,257.0,538.0,308.0,214.0,489.0,0.2093495934959349,0.1456639566395663,0.3319783197831978
992d901e364e85f1ae98bb97410f6eb641b3f51b,1372363057,,,69,35,8,7,1,0.6814027133873406,True,15.0,1071008.0,58.0,17.0,False,189.0,21289.875,920.0,2.0,575.0,1951.0,2214.0,574.0,1693.0,1955.0,556.0,1850.0,2096.0,0.1099921011058451,0.365521327014218,0.4140995260663507
afcd4a570479e8be9ce09c5d94d3e5e842899478,1405494271,,,5,10,1,1,1,0.0,False,,,,,True,,,,,,,,,,,,,,,,
469a1ca64b2c64fe270859ce927f0c0eba6ee8bd,1401795058,,,24,16,11,10,1,0.8075346774190834,False,,,,,True,,,,,,,,,,,,,,,,
85b8d970863ea78cc8fe90fe30e1e993e64ebac3,1283804791,,,432,70,5,4,2,0.830665031662683,False,,,,,True,,,,,,,,,,,,,,,,
8eb74693691a2468d5a0da69abc12333d9a05400,1403870762,0.0,,94,7,2,2,1,0.9215608652945444,False,,,,,True,,,,,,,,,,,,,,,,
872d1982716acf426d21dcac838102e9479408f7,1386281095,0.0,1.0,75,15,3,2,1,0.872799088962473,True,1.0,76155.0,8.0,5.0,False,5.0,4524307.0,5.0,5.0,19.0,1157.0,1157.0,19.0,1044.0,1044.0,14.0,523.0,523.0,0.0246305418719211,0.8604269293924466,0.8604269293924466
6f5aa18747384f46f8d89ac0d6c82a710849ce59,1282392636,,,128,17,5,5,2,0.637716932724134,False,,,,,True,,,,,,,,,,,,,,,,
dc3e446aeccdd784c480b094b9285a5618e1b607,1359142218,,,7,0,2,2,1,0.863120568566631,True,3.0,-13716765.0,13.0,4.0,False,10.0,71114.0,26.0,2.0,120.0,564.0,602.0,120.0,564.0,602.0,111.0,512.0,542.0,0.1704718417047184,0.7808219178082192,0.8264840182648402
038a56c13dafb1993ea2c6cba5a1a06b573cfa03,1393438840,,1.0,4,4,1,1,1,0.0,True,2.0,1099967.0,34.0,2.0,False,13.0,576233.0,23.0,2.0,3.0,1465.0,1466.0,3.0,1266.0,1267.0,3.0,664.0,665.0,0.0046189376443418,0.7678983833718245,0.76905311778291
54da43b29ca444e316714e2bc402425bd5832d96,1407833206,,,15,0,2,2,1,0.8366407419411672,False,,,,,True,,,,,,,,,,,,,,,,
0ff6b52ff2838943870ac34c0cd7921023df4474,1359408725,,,17,0,2,2,1,0.7871265862012691,True,2.0,72759.0,12.0,4.0,False,26.0,1103897.5,46.0,3.0,72.0,1565.0,1603.0,72.0,1425.0,1463.0,70.0,1361.0,1397.0,0.0192151556156968,0.3686062246278755,0.3783491204330176
8db54f3bd590e71c6c6e383c928aa82fc28b3379,1338321856,,,17,16,5,4,1,0.8816131405505632,True,6.0,667189.0,28.0,9.0,False,55.0,513588.6,220.0,2.0,123.0,1114.0,1160.0,123.0,1114.0,1160.0,99.0,946.0,977.0,0.0638162093171665,0.6043395022335674,0.624122527121889
b2447503b0ba98e644439d31435d47435c46cd69,1395344684,,1.0,61,11,3,2,1,0.868429790856163,True,4.0,486581.0,24.0,7.0,False,22.0,927696.0,47.0,2.0,298.0,1401.0,1695.0,190.0,1147.0,1336.0,5.0,1247.0,1250.0,0.0038935756002595,0.8098637248539909,0.8118105126541207
48b8dc6c9658ffa79972b39dc54191b11ca3dc57,1408302828,2.0,,404,15,5,2,1,0.86542932230343,False,,,,,True,,,,,,,,,,,,,,,,
3680fd61c9a1cceaa011b4d0d37d235abf490c50,1403917759,,,1289,0,17,4,1,0.8103650761070451,False,,,,,True,,,,,,,,,,,,,,,,
01f7b0aa8de984baa27be50171526696aac48c0c,1305747999,,,13,1,3,3,1,0.8120406807941002,False,,,,,True,,,,,,,,,,,,,,,,
0f3b0410e3e8aa99971087ca5d8141e04cf6d39d,1374984637,,,33,3,33,8,1,0.987688336716833,True,2.0,171409.0,15.0,5.0,False,70.0,565118.6363636364,365.0,3.0,19.0,406.0,412.0,19.0,364.0,370.0,7.0,361.0,362.0,0.0152963671128107,0.6921606118546845,0.6940726577437859
731794a7479e469d33fa8a9c0d08087f905e6b22,1402491455,,,27,27,3,1,1,0.7551955816248316,False,,,,,True,,,,,,,,,,,,,,,,
4e733aac4697703b8c787cd6347421ed2f57d1b2,1353348935,,,11,11,2,2,1,0.8453509366224364,True,1.0,18225.0,7.0,3.0,False,52.0,43699.0,98.0,3.0,19.0,1025.0,1031.0,19.0,1007.0,1013.0,18.0,929.0,935.0,0.0062830687830687,0.3075396825396825,0.3095238095238095
26d8486a168c1a9b88bd0025cf0106e0b0ce3be4,1309437993,,,41,50,1,1,1,0.0,False,,,,,True,,,,,,,,,,,,,,,,
c1763deb23dc6dcf7ca4f32aafde47501a87083f,1315411879,,,4,3,1,1,1,0.0,False,,,,,True,,,,,,,,,,,,,,,,
bb6374dfeb81f020d82161c28a6b31be636fbc01,1315828798,,,1,1,1,1,1,0.0,False,,,,,True,,,,,,,,,,,,,,,,
6b78dfc0b865aa76d361fc219fd601948aee6660,1313889643,,,29,48,2,2,1,0.2946152056528071,False,,,,,True,,,,,,,,,,,,,,,,
db572f6b4b8f1f2084139b7168356c61e54b4317,1344267851,,,3,41,8,6,1,0.9531699877381348,True,1.0,7252.0,5.0,2.0,False,82.0,69165.25,470.0,2.0,297.0,988.0,1222.0,296.0,987.0,1220.0,220.0,910.0,1074.0,0.1023622047244094,0.4219546086150996,0.4979157017137564
c8e474d04dce462650c2a9f57cbcb106ce3ef0c9,1300385108,,,0,0,1,1,1,0.0,False,,,,,True,,,,,,,,,,,,,,,,
4605dff64fb2fac764e58baf397f2e6811216ec4,1342515140,,,201,59,6,3,1,0.7933595980173653,True,4.0,-30497206.0,21.0,8.0,False,11.0,29374.166666666668,23.0,2.0,72.0,93.0,120.0,72.0,93.0,120.0,66.0,79.0,100.0,0.4379084967320261,0.5228758169934641,0.6601307189542484
cb448db52cb90c079bdb2ad415776e9e28fa790f,1372905519,,,349,16,14,12,1,0.8689021707567657,True,19.0,2320437.0,102.0,25.0,False,225.0,76434.0,1413.0,3.0,1078.0,1866.0,2771.0,1028.0,1651.0,2510.0,1034.0,1099.0,1967.0,0.2006980802792321,0.2133023075431452,0.3816172193135544
e2efa57ab2fb03b92f80abbf612a257c28475140,1382446269,0.0,1.0,7,3,2,2,1,0.8812908992306927,True,5.0,13125867.0,82.0,26.0,False,28.0,365718.0,69.0,5.0,1353.0,2644.0,2647.0,1225.0,2404.0,2407.0,527.0,1515.0,1516.0,0.0824098642110192,0.2366162010301233,0.2367722803184017
3cee2c747c03a1cb45c75cb46f756e18445c5cae,1346605316,,,1,2,1,1,1,0.0,True,1.0,4646.0,11.0,3.0,False,1.0,6352592.0,1.0,3.0,27.0,1171.0,1190.0,27.0,1169.0,1188.0,24.0,940.0,956.0,0.0104253544620517,0.3924103419516263,0.3990825688073394
1b7d7f1878058a40ae1a331b1be2743c3c9a36e1,1390440687,,,3,3,1,1,1,0.0,True,1.0,1384595.0,18.0,10.0,False,12.0,194604.0,12.0,4.0,71.0,1508.0,1531.0,71.0,1272.0,1295.0,48.0,645.0,649.0,0.0679611650485436,0.8959778085991679,0.9015256588072122
274d14a3305fffcaad85c310179c7d6082c732d5,1314489354,,,23,0,1,1,1,0.0,False,,,,,True,,,,,,,,,,,,,,,,
97a47ae62a1f0c778fab824d3bf48636dd5c832f,1376273264,,,6,6,1,1,1,0.0,True,4.0,113365.0,19.0,8.0,False,11.0,2128940.0,15.0,4.0,11.0,2063.0,2069.0,11.0,1834.0,1840.0,10.0,1919.0,1924.0,0.0019628836545324,0.3426124197002141,0.3435046395431834
4dc37abcd530b27ea79fe5e440b4370aa7bc9edd,1404207248,,,22,22,11,6,1,0.9702438966314872,False,,,,,True,,,,,,,,,,,,,,,,
6323c80323d01e042558bd78e74c5d6da66a1e17,1357318083,,,5,4,3,3,1,0.9656336071428252,True,2.0,35830.0,18.0,5.0,False,124.0,92458.0,690.0,2.0,209.0,1660.0,1756.0,209.0,1572.0,1668.0,200.0,1421.0,1511.0,0.0592047128129602,0.4188512518409426,0.445360824742268
2104840483f65c30accf4fd5df27c79052be85cd,1378272549,,,5,5,2,1,1,0.7219280948873623,True,1.0,740097.0,10.0,5.0,False,14.0,2881696.0,42.0,4.0,253.0,2242.0,2466.0,224.0,1817.0,2019.0,74.0,2108.0,2156.0,0.0126689189189189,0.35625,0.3643581081081081
fb4c7679846c0e7a1264816c8ce461c70725cf3d,1396625881,,1.0,15,14,2,2,1,0.9293636260137188,True,3.0,76329.0,25.0,13.0,False,211.0,0.0,1180.0,5.0,1177.0,1665.0,2534.0,978.0,1562.0,2241.0,1158.0,1456.0,2306.0,0.1497416020671834,0.1882428940568475,0.2980620155038759
c2634fa580b9b5e1c55bb6dc7eb02f0de989d747,1397827832,2.0,,1135,1061,80,32,1,0.7614030366033977,True,5.0,1096170.0,129.0,19.0,False,93.0,126149.2625,347.0,3.0,45.0,608.0,640.0,45.0,522.0,554.0,45.0,380.0,412.0,0.0398959236773634,0.3304423243712056,0.3581960104076322
309a264db6c952081f2e85db21efc719596240a6,1314147564,,,79,33,2,2,1,0.3372900666170139,False,,,,,True,,,,,,,,,,,,,,,,
3faea81c6029033c85cefd6e98d7a3e719e858f5,1391092022,2.0,1.0,172,25,2,2,1,0.8092605480110475,True,34.0,9387014.0,461.0,94.0,False,8.0,6273.0,9.0,1.0,14.0,949.0,952.0,14.0,829.0,832.0,14.0,494.0,497.0,0.0201342281879194,0.6644295302013423,0.6684563758389261
cbb09485442d472f883829ba96f4c2d8b6d830fd,1311977750,,,4,3,1,1,1,0.0,False,,,,,True,,,,,,,,,,,,,,,,
4779f609f3900307a028d72ebff85923d286b82e,1311056637,,,32,25,2,2,2,0.8997437586982626,False,,,,,True,,,,,,,,,,,,,,,,
0b490e1ade9e8e65e8df6f86bbe47bd3dbe1d44c,1298574318,,,12,5,2,2,1,0.9774178175281716,False,,,,,True,,,,,,,,,,,,,,,,
c2f9d1e560484c4a45e7264d9abb0212ced828cf,1279556560,,,12480,20,57,17,4,0.7779368551648064,False,,,,,True,,,,,,,,,,,,,,,,
26216f23741abb92cf520d9d144a1fb303567ed2,1313172565,,,2,2,1,1,1,0.0,False,,,,,True,,,,,,,,,,,,,,,,
5bcbb65f3c0383a22ebb749a9251f689755e464c,1330528962,,,8,2,4,3,1,0.9232196723355076,True,2.0,87076.0,9.0,5.0,False,40.0,281569.75,80.0,3.0,24.0,529.0,542.0,24.0,529.0,542.0,15.0,506.0,511.0,0.0164102564102564,0.52,0.5251282051282051
b2a253420ac700081a91a304784f680159953acb,1330694735,,,2,0,1,1,1,0.0,True,3.0,478750.0,10.0,6.0,False,4.0,49638.0,6.0,1.0,15.0,376.0,386.0,15.0,376.0,386.0,11.0,299.0,306.0,0.0119284294234592,0.2982107355864811,0.305168986083499
d2b329920a9b80384669c2f3c052fb5dc67c9778,1398299335,,,114,113,6,2,1,0.5266862495582645,True,3.0,1010557.0,93.0,30.0,False,241.0,356334.3333333333,1449.0,7.0,1041.0,4372.0,4961.0,781.0,3406.0,3801.0,973.0,3358.0,3895.0,0.1239658902889143,0.4275168639429808,0.4958635611556574
ddeab2da30bb2f74109854d982c6681e78e7a4ce,1299656158,,,8,7,2,2,1,0.8366407419411672,False,,,,,True,,,,,,,,,,,,,,,,
6321c5047c082bba8edf10a660fdb6a56430cc44,1299025142,,,6,5,3,2,1,0.826074224242703,False,,,,,True,,,,,,,,,,,,,,,,
e0e95c36f1d2c08c5ab419abdd8867c05d101475,1303878633,,,0,0,1,1,1,0.0,False,,,,,True,,,,,,,,,,,,,,,,
dc110b71c115dc9d1ac708ae62aad7d1a7218dcf,1363719298,,,15,21,3,3,1,0.872009434056298,True,6.0,-8239953.0,33.0,13.0,False,28.0,499293.0,107.0,3.0,288.0,406.0,599.0,273.0,406.0,584.0,270.0,360.0,538.0,0.318075117370892,0.4237089201877934,0.6326291079812206
fa52cb09b2270876c9d9a03106f961be6c9db834,1359137254,,,8,1,1,1,1,0.0,True,5.0,4159790.0,23.0,8.0,False,33.0,855341.0,56.0,5.0,1586.0,2096.0,2141.0,1493.0,1971.0,2016.0,1480.0,1955.0,1994.0,0.402445652173913,0.5315217391304348,0.5421195652173914
d44299be90bbfcac5f8de1e1264b81fbb0bfa5e2,1305561616,,,3,0,2,2,1,0.9182958340544896,False,,,,,True,,,,,,,,,,,,,,,,
472e1535a615e9933d0b3df3853300348019e560,1340683150,,,0,3,1,1,1,0.0,True,1.0,63530.0,7.0,3.0,False,47.0,1239058.0,99.0,3.0,229.0,856.0,998.0,229.0,856.0,998.0,173.0,800.0,895.0,0.1004618937644341,0.4624711316397228,0.5173210161662818
24c2da40549e882be716e1897fd81aef8f172e53,1302029226,1.0,,116,24,3,2,1,0.5393140607528931,False,,,,,True,,,,,,,,,,,,,,,,
c9d3b7c3ae71bbbe6f3077dcee13be41a14a6733,1282772888,,,16,6,4,2,1,0.7697423784657509,False,,,,,True,,,,,,,,,,,,,,,,
6c52cffab5c35c9d668e0ef5f612004cb7940091,1316989395,,,37,26,3,3,1,0.8852804442280299,True,2.0,108795.0,8.0,2.0,False,6.0,156701.66666666666,6.0,2.0,3.0,50.0,52.0,3.0,49.0,51.0,1.0,19.0,19.0,0.0714285714285714,0.7142857142857143,0.7142857142857143
5bb507fc0375e0e4dc7b8448b6751dcc52fc75eb,1287179743,,,4,5,1,1,1,0.0,False,,,,,True,,,,,,,,,,,,,,,,
1c4a3e14a0cef6938c477908d5c3bfe5ddf0e07b,1308826260,,,8,0,1,1,1,0.0,False,,,,,True,,,,,,,,,,,,,,,,
c6ba1bb5035cb1ea4cb2b86ee56797c4dac63983,1307661415,,,7,3,2,2,1,0.9709505944546686,False,,,,,True,,,,,,,,,,,,,,,,
1f43ee050b94d368182d1d6e0340416ea1436e76,1374223182,,,56,4,2,1,1,0.2108423003185321,True,1.0,993895.0,16.0,5.0,False,6.0,8477033.0,9.0,2.0,93.0,366.0,435.0,90.0,325.0,392.0,29.0,258.0,267.0,0.079155672823219,0.683377308707124,0.7071240105540897
5c43b44f24d53873cd409208cf3879f14de7e2ab,1286913313,,,3,2,2,2,1,0.9709505944546686,False,,,,,True,,,,,,,,,,,,,,,,
23340b49b1adee5cb9592b8e6a8471969b9341c7,1407240677,,1.0,51,28,4,4,1,0.8668246343604581,False,,,,,True,,,,,,,,,,,,,,,,
3dcf8347da223566f30aba5771f1611c4cc8bb46,1391621849,0.0,,73,0,3,3,1,0.4908979430364889,True,13.0,2949590.0,89.0,24.0,False,218.0,51955.0,722.0,3.0,20.0,2007.0,2011.0,20.0,1497.0,1501.0,20.0,1794.0,1798.0,0.0028889806025588,0.2469390562663365,0.2474893382858715
e1e3518da1de721a70c48b5dea3e91bb9d49cd57,1403521103,,,0,5,1,1,1,0.0,False,,,,,True,,,,,,,,,,,,,,,,
089286802db0dca22cd67e46f26fab3ab0a3a73b,1297192341,,,2,1,1,1,1,0.0,False,,,,,True,,,,,,,,,,,,,,,,
d17b7c9956a7e49db7d847bab4b20ce0c93de4a5,1294307486,,,1,1,2,2,2,0.0,False,,,,,True,,,,,,,,,,,,,,,,
c883862751d3081bbc05eb4b40fc15abd4fa5b1b,1378777352,,1.0,12,4,2,2,1,0.954434002924965,True,1.0,1279474.0,6.0,2.0,False,26.0,1676417.0,39.0,2.0,353.0,2570.0,2719.0,352.0,2249.0,2398.0,349.0,2440.0,2586.0,0.0585578049188556,0.4083988623055044,0.4328258323573699
a8a5b27a577f8e007e2cc79570f97ae075fda767,1312932395,,,150,130,11,6,1,0.8631595932316107,False,,,,,True,,,,,,,,,,,,,,,,
b1a08af498ed6b52e3373a23196ded0396e6d34b,1293683436,,,293,311,6,5,1,0.5963698131506678,False,,,,,True,,,,,,,,,,,,,,,,
22f0e324f3d3172b563aa67e513fe4d9318de2e5,1346488635,,,19,0,3,3,1,0.6971862088918521,True,5.0,344509.0,23.0,7.0,False,41.0,2251889.0,105.0,2.0,552.0,1192.0,1499.0,551.0,1192.0,1498.0,428.0,1120.0,1332.0,0.1791979949874686,0.4682539682539682,0.5568086883876358
847fb38c5b0411f9f5b9629967d0072d976b2429,1346891318,,,0,0,2,1,1,0.0,True,6.0,415022.0,31.0,12.0,False,6.0,95381.0,8.0,3.0,163.0,1313.0,1403.0,163.0,1313.0,1403.0,145.0,1223.0,1304.0,0.0601070399341292,0.5039110745162618,0.5372581309180733
134afd8df538c7e63b41922897a343f34641be23,1365173431,,,0,1,1,1,1,0.0,True,1.0,129408.0,7.0,2.0,False,8.0,1229062.0,13.0,2.0,46.0,569.0,572.0,46.0,566.0,569.0,39.0,444.0,445.0,0.0863930885529157,0.961123110151188,0.9632829373650108
7902c6aeabaa61ebee873d192ec9ed3e94ee85f2,1373393850,,,33,16,2,2,1,0.3322866302216151,True,5.0,660914.0,16.0,4.0,False,23.0,2228707.0,40.0,3.0,116.0,2497.0,2558.0,110.0,2124.0,2182.0,109.0,2257.0,2313.0,0.021109192093648,0.4333141431587027,0.4440606409518327
500da76ab281adc227eb0431ba8e286ca9d2d590,1324499847,0.0,,60,9,6,4,1,0.6377382695729212,True,2.0,2447.0,5.0,3.0,False,12.0,63843.333333333336,18.0,2.0,268.0,154.0,367.0,267.0,154.0,366.0,186.0,138.0,273.0,0.4572127139364303,0.3398533007334963,0.6699266503667481
c66adee2f94b62a74a63a2d84192366e2a92bfa4,1375462576,,,37,60,2,2,1,0.9515388458648668,True,15.0,4231640.0,48.0,9.0,False,68.0,1580.0,250.0,3.0,179.0,1709.0,1818.0,173.0,1561.0,1664.0,172.0,1615.0,1720.0,0.0314602655028187,0.2938716130205492,0.3129659938170576
c4ca7a0a006a8c23b4a28700f9d44d8fffd0af7f,1392384633,,,13,0,2,2,1,0.6193821946787638,True,2.0,2247735.0,29.0,5.0,False,28.0,110743.0,51.0,2.0,1.0,740.0,741.0,1.0,549.0,550.0,0.0,557.0,557.0,0.0008658008658008,0.4831168831168831,0.4831168831168831
ec49a86c9e60af111cddd1943639c79d8fc12304,1387053292,,,24,24,4,3,1,0.8461078760851495,True,2.0,200190.0,18.0,9.0,False,65.0,504652.25,136.0,5.0,280.0,2521.0,2641.0,280.0,2175.0,2295.0,264.0,1604.0,1712.0,0.0386748394629305,0.2342381786339754,0.25
7d0758b2f355d5b086b2ea1e9d6b7b7838b3a157,1343071052,,,5,6,2,1,1,0.8453509366224364,True,1.0,5510.0,6.0,2.0,False,45.0,3153.0,199.0,2.0,645.0,1028.0,1369.0,644.0,1028.0,1368.0,611.0,829.0,1151.0,0.3130434782608696,0.4245524296675191,0.5892583120204603
d03c94f2b0e3a6d15e404d245fdfa895ca6430de,1370372557,2.0,,21,0,6,3,1,0.9112735296912784,True,1.0,582838.0,12.0,5.0,False,50.0,692742.6666666666,142.0,3.0,657.0,675.0,675.0,640.0,658.0,658.0,531.0,542.0,542.0,0.9204152249134948,0.9394463667820068,0.9394463667820068
661fa0c83309f002bbbdd67d81f3e6fbb6bde829,1387708013,,1.0,5,2,1,1,1,0.0,True,5.0,1392505.0,32.0,19.0,False,135.0,219928.0,401.0,5.0,35.0,910.0,917.0,35.0,847.0,854.0,35.0,888.0,895.0,0.0052045684545323,0.1285239265577562,0.1295359259794708
1081b9d52026afb84128c15a1df0998f80810ce9,1314971312,,,6,2,1,1,1,0.0,False,,,,,True,,,,,,,,,,,,,,,,
429cd4bb6a1c86b2e581a011d9e5075f9062fcb6,1401808640,,,63,50,2,2,1,0.2994113292359871,False,,,,,True,,,,,,,,,,,,,,,,
866cb846f5310e1ad36181e64e7d59ba54d9fd40,1367614242,,,117,224,6,3,1,0.6111138841569246,True,17.0,2201072.0,56.0,8.0,False,28.0,547707.0,127.0,2.0,44.0,289.0,299.0,44.0,242.0,252.0,41.0,152.0,160.0,0.0531645569620253,0.1936708860759493,0.2037974683544303
c8345c9ebc0357f1fe06ac520f286f036cb0596c,1298597462,,,38,20,2,2,1,0.4798320236161285,False,,,,,True,,,,,,,,,,,,,,,,
2a89b0996d24decb9488a0ccd40ab7d275a2dba2,1313005631,,,3,5,1,1,1,0.0,False,,,,,True,,,,,,,,,,,,,,,,
aa300fcbfd88f984dce53d853d255270b73b5dbd,1406068534,,,2,3,1,1,1,0.0,False,,,,,True,,,,,,,,,,,,,,,,
11fb7b4c910e499a396bb37627a5337990f1c015,1347095704,,,29,4,1,1,1,0.0,True,1.0,-25923723.0,5.0,2.0,False,6.0,757498.0,13.0,2.0,4.0,298.0,298.0,4.0,297.0,297.0,4.0,254.0,254.0,0.0164473684210526,0.8388157894736842,0.8388157894736842
72e8b5dc5a5e36722327efca4c399f0321e9bbbb,1401111873,1.0,,67,7,2,2,1,0.6705250693158381,False,,,,,True,,,,,,,,,,,,,,,,
721e7f939859fbfe6b0c79ef3a6d5e43c916da65,1396290929,,1.0,34,19,2,2,1,0.5631028237513912,True,5.0,732224.0,50.0,14.0,False,44.0,428974.0,73.0,6.0,2890.0,4740.0,5843.0,2280.0,3721.0,4483.0,2255.0,3308.0,4335.0,0.2924552761213378,0.4289603318641431,0.5620948924034224
